code,text
0,literalmente hoy me vest  hermoso pero se larg  a llover y no puedo lucirlo  me voy a casa y ma ana se usa de nuevo  
1,  yami                        
2,  i m in north carolina  usa  i honestly love all the modes  sometimes i want it flat and other times i see mys   
3,  peplowski          w zupe no ci si  z tob  zgadzam  nawet abstrahuj c   
4,  es que est n acostumbrados a trabajar de lunes a viernes y hasta las 5pm  y aqu  en usa nada se pa   
5,luiza usa coleira de cachorro ate hj
6,usa limited edition 21 oz standard mouth  price 1200thb                                                              
7,    his agenda since days in  reagan administration    constitutional rights not supposed   
8,   dando per scontato che mezzi pubblici e metro  diokovid li usa come  ivana trump     
9,petition and demand for reform of stalker regulation    uk  usa gang stalking ffchs electronic harassment v2k  sos
10,  vendido   se va hasta usa   
11,       is us really more powerful   consumerist usa moved all factories to china since   
12,literalmente siento que me usa    
13,  usa a manuela    
14,    tx threats  amp  violence will continue as the     jordan       
15,vagabundo usa corega   
16,ahahahahaha n o aguento thiago religioso    usa o dom que deus te deu  o dom  ser fofoqueira  
17,usa  rogo in una casa di philadelphia  13 vittime tra cui 7 bambini   philadelphia    
18,viendo c mo la maestra usa de muestra tu normogotero y ves  250 en la basura     
19,             
20,  claro  y si estuvi ramos en 2018 tambi n  pero son en usa y estamos en 2021 
21,para de falar mal de quem usa cropped e shorts  ta 30 graus c  de gelo
22,  usa o google drive  faz upload e edita 
23,  hace 4 a os  antes de aprobarse la ley de ordenaci n territorial y urbanismo sostenible  lo   
24,o delineado que a princesa usa pra trabalhar  
25,  wish this would work in the usa  we have a government that needs to resign too          
26,miss earth usa 2022  
27,  acho super cult quem usa
28,  jordan this tweet has not distracted me from the 1 6 violent  deadly attempt to overthrow the government of the usa 
29,  opa galera nao usa mais a skill da hutao
30,  yo que vos me vuelvo a usa  ya cansaste  te quedaste sin cr dito 
31,  en vrai  a va un peu mieux aujourd hui m me si  a reste un peu s gr gu s entre noir mais   l  poque c    
32,  o que vende   campe o da cara bonitinha os monstrengo quase ningu m usa
33,  it s just a thought here so please don t go crazy at me  but i feel the  biden regime could be hidi   
34,pucha ahora ni agendas regalan  cuando te acostumbras a usar agenda es como el calz n  se usa todos los d as   
35,         usa por favor
36,in 2021 we     developed our branch in the usa    opened a new branch in india      hired almost 100 new employees   
37,  gop coups are not patriotic  they are crimes against the usa 
38,die  meldungen aus der  wissenschaft  forschende aus den usa haben ein hormon entdeckt  das  hnlich wie insulin den   
39,australija i demokratija   neka hvala il ga ne pusti  odmah a ne da se i ivljava  sramno pona anje  da li bi smeli nekom trniseru iz usa
40,2010 dodge ram 1500   export cars from usa   car for sale in online auto auction  
41,  want to flick a cat in its nuts   let s disrupt the mining space caterpillar has dominated  tesla mining   
42,        but don t get me wrong  usa is in somali longtime ago 
43,  usa  
44,    usa    too 
45,no entiendo  sa gente qu  usa la tristeza para llamar la atenci n    
46,fica numa grande d vida se essa   s  voc  mesmo ou mais uma das milh es de m scaras que voc  usa no dia a dia
47,  usa o meu
48,h yresiden snakker om usa som om s ppelhauger er relevante  men dette skyldes mindreverdighetskomplekser  hvis jeg   
49,      donalphonso   lol das hat doch damit kaum was zu tun    schauen sie sich mal den neo   
50,  quem saca 80  se tiver oportunidade tamb m saca milh es  usa a cabe a 
51,  50 50 xd tiene ataques de hueso y solo puede invocar 1 gaster blaster que lo unico que puede hacer e   
52,  network   sickkkk
53,  jordan this tweet has not distracted me from the 1 6 violent  deadly attempt to overthrow the government of the usa 
54,  code 83   in usa                                                                            
55,hoe usa cos  tanto i filtri e photoshop che appena posta una foto normale si sente una regina
56,        a diferencia de   cuba en  usa el pueblo come y vive una vida   
57,  ccp sanctioned him and iri threatened to kill him  and usa administration is quiet  hey  americans  keep your heads up 
58,      whatever our feelings on the war it wasn t illegal  it was voted thru pa   
59,this pic goes so hard feel free to screenshot  
60,                                                           covid19  vaccine  prothomalo  world  palonews  
61,  zukowska termin zosta  po raz pierwszy u yty w spo eczno ci gejowskiej w usa w latach 20  i 30  xx wieku  w tym   
62,mhealth app development company in the usa  the best mhealth app development company in atlanta usa providing mheal   
63,  see for yourself    
64,  the usa is the only developed country with main stream anti democracy propaganda iike fox and liars like h   
65,2011 ford f 150 king ranch supercrew 6 5 ft  bed crew cab pickup 4 door   export cars from usa   car for sale in on   
66,dakar rally stage 4 light prototypes results and overall standings      
67,en minutos esta ciudad qued  bajo el agua  importante aviso para usa   a trav s de  
68, best promotion bar for  joomla  website check here       workoutwednesday  wisdomwednesday   
69,me sinto tao atra da por quem usa icon da scar e da lizzie
70,silikon fransen barbed wire skirt tabs    silikon  fransen  usa  skirted  jig  basteln   
71,suncoast estates  fl    giant trailer park  hood     via       get real usa white liar   
72, greenbrier  tubac  minnesota  our diy  forklift operator  training kits are available in  canada and the  usa via   
73,el control remoto de samsung que usa el wifi y el sol para recargarse  ces2022   
74,pinebluff  kennebunk  me  usa  gt  time  11 35 am   temp  30 9 degrees f   humidity  92     wind  wnw at 0 0 mph   bar   
75,achei nas minhas coisa esses marcadores de p gina di macaquinho    eu to com muita d  de usa los pq sao tao fofinho   
76,  vei pra mim n o   nem caimento de roupa  mas simplesmente o fato de ngm ter o corpo igual  n o tem como   
77,  ich weiss  und bis zum heutigen tag ja du musst mal die anti war scene usa checken  die letzten vids i   
78,    717320      txs  2099 time  05 01 2022  16 34 46 wet version  0x3fffe000  size  1846 445 kb weight  3993 005 kw   
79,on this day in 2010  team usa defeated canada to win the world juniors  john carlson scored the game winning goal i   
80, ent rate    usa la aplicaci n de pago m vil interbancario para hacer pagos en los comercios afiliados    sudeban   
81,      hidalgo     roussel     les socialistes ont une vision id   
82,  no usa forro
83,  dent   sur cet aspect  je suis d accord  et il y aura un r ponse politique   cela en tant v   
84,  a mi me sali  un taxista que no lo usa que porqu  no le entra suficiente ox geno al cerebro  
85,la baisse des stocks de  p trole am ricains est moins importante que ce que pr voyaient les analystes rel ve l    
86,ccp sanctioned him and iri threatened to kill him  and usa administration is quiet  hey  americans  keep your heads   
87,check out this awesome  hot treacle  design on        artwork  artistontwitter   
88, dio de quem usa a conta do insta privada
89,etapa 4    prototipos ligeros  luego de su retraso en la etapa 2  seth quintero a bordo de su ot3 02 del red bull o   
90,it s not just a job  it s an adventure   shop now      armor  gear  protectiveequipment   
91,i have 2 new followers from usa  and more last week  see    
92,  e quando usa um t     
93,il celebre fotografo non usa giri di parole per attaccare ancora una volta uno dei suoi bersagli preferiti  
94,  the only reason i have mentioned that is because usa just like in ukraine debacle has promised to defend taiwan
95,  um  culos redondo marrom  uma camiseta rosa com listras cinzas  uma bermuda jeans e t nis pretos   luiz   
96,  feliz     eu  aaa eu tamb m kkk 2  picture  foto de miguel e luiz se abra ando  atr s deles  h  um grama   
97,2008 chevrolet express g1500 cargo van   export cars from usa   car for sale in online auto auction  
98,  also k mpfen die usa tats chlich f r die freiheit und demokratie auf der welt   gl ckwunsch  bin jetzt pro usa   p
99,  en casa decimos que usa un rollo diferente en cada casa  y lo que les sobra nos lo regalan para que lo usemos en los cumplea os  
