code,0
0,Literalmente hoy me vest√≠ HERMOSO pero se larg√≥ a llover y no puedo lucirlo. Me voy a casa y ma√±ana se usa de nuevo https://t.co/1wNknL1UFV
1,@toppo_yami „ÅÇ„Çä„Åå„Å®„ÅÜ„Åî„Åñ„ÅÑ„Åæ„ÅôÔºÅÔºÅ„ÄÄ„Åæ„Åü„ÇÑ„Çä„Åæ„Åó„Çá„Éºüé∫üé∫
2,"@ASUS I'm in North Carolina, USA! I honestly love all the modes. Sometimes I want it flat and other times I see mys‚Ä¶ https://t.co/GypGZbE1Uf"
3,@t_peplowski @apawa137 @BartSienkiewicz @KONFEDERACJA_ @pisorgpl W zupe≈Çno≈õci siƒô z TobƒÖ zgadzam. Nawet abstrahujƒÖc‚Ä¶ https://t.co/FGwGfPMLWn
4,@gabysininternet Es que est√°n acostumbrados a trabajar de lunes a viernes y hasta las 5pm. Y aqu√≠ en USA nada se pa‚Ä¶ https://t.co/O9jvM8OKDu
5,Luiza usa coleira de cachorro ate hj
6,USA Limited Edition 21 oz Standard Mouth  price:1200THB ‡∏ñ‡πâ‡∏≤‡∏Ñ‡∏∏‡∏ì‡∏•‡∏π‡∏Å‡∏Ñ‡πâ‡∏≤‡∏™‡∏ô‡πÉ‡∏à‡∏™‡∏¥‡∏ô‡∏Ñ‡πâ‡∏≤‡∏´‡∏£‡∏∑‡∏≠‡∏≠‡∏¢‡∏≤‡∏Å‡∏™‡∏≠‡∏ö‡∏ñ‡∏≤‡∏°‡∏≠‡∏∞‡πÑ‡∏£‡πÄ‡∏û‡∏¥‡πà‡∏°‡∏û‡∏¥‡∏°‡∏û‡πå‡∏°‡∏≤‡πÑ‡∏î‡πâ‡πÄ‡∏•‡∏¢‚Ä¶ https://t.co/9uVzvPrebP
7,"@Garret00074 @TheJusticeDept His agenda since days in #Reagan administration.

#Constitutional rights not supposed‚Ä¶ https://t.co/7QOFiSZOAe"
8,"@Labbufala ü§îdando per scontato che mezzi pubblici e metro #Diokovid li usa come, Ivana Trump üòÇüòÇüòÖüòÖ"
9,Petition and Demand for reform of stalker regulation„ÄÄhttps://t.co/LVdATWRx1g„ÄÄ#UK #USA gang stalking FFCHS electronic harassment V2K #SOS
10,üì¶ VENDIDO ‚úÖ Se va hasta USA üá∫üá∏
11,"@Abhaytweeting @ahindu_ @SolBrahmin Is US really more powerful?

Consumerist USA moved all factories to China since‚Ä¶ https://t.co/zO3Lx3TBH1"
12,Literalmente siento que me usa üòµ‚Äçüí´
13,@akacohalla Usa a Manuela üòÇüòÇüòÇ
14,@TruthxTexas @GregAbbott_TX THREATS &amp; VIOLENCE will continue as the @GOPLeader @Jim_Jordan @GOP @LeaderMcConnell‚Ä¶ https://t.co/ZjCTgSTQ0U
15,Vagabundo usa corega! https://t.co/tn5S57niwm
16,"AHAHAHAHAHA n√£o aguento Thiago religioso 

""Usa o dom que Deus te deu"" o dom: ser fofoqueira https://t.co/ciMnuRSWBi"
17,"Usa, rogo in una casa di Philadelphia: 13 vittime tra cui 7 bambini  #Philadelphia https://t.co/jYpboN8VDC https://t.co/R5kjqHa7GZ"
18,Viendo c√≥mo la maestra usa de muestra tu normogotero y ves $250 en la basura .. https://t.co/NERcC3halc
19,„ÅÇ„Éº„Åó„Åü„Å¶„Çì„Åç„Å´„Éº„Å™„Éº„ÇåÔºÅ
20,@adriangroca Claro. Y si estuvi√©ramos en 2018 tambi√©n. Pero son en USA y estamos en 2021.
21,"Para de falar mal de quem usa cropped e shorts, ta 30 graus c√∫ de gelo"
22,"@viniciusc182 Usa o Google drive, faz upload e edita."
23,"https://t.co/M3XUfFIc0u hace 4 a√±os, antes de aprobarse la Ley de Ordenaci√≥n Territorial y Urbanismo Sostenible (LO‚Ä¶ https://t.co/gHQ2IuBnzr"
24,o delineado que a princesa usa pra trabalhar https://t.co/ZTyZq9UTYX
25,"@JackPosobiec Wish this would work in the USA. We have a government that needs to resign too. 
‚ù§Ô∏èüåé‚ù§Ô∏èüá∫üá∏"
26,Miss Earth USA¬†2022 https://t.co/cF466yOxwS
27,@ariestocrataa acho super cult quem usa
28,"@Jim_Jordan This tweet has not distracted me from the 1/6 VIOLENT, DEADLY ATTEMPT TO OVERTHROW THE GOVERNMENT OF THE USA."
29,@kittsundere opa galera nao usa mais a skill da hutao
30,"@felipe64423590 Yo que vos me vuelvo a USA. Ya cansaste, te quedaste sin cr√©dito."
31,@Bl4cklevrai En vrai √ßa va un peu mieux aujourd‚Äôhui m√™me si √ßa reste un peu s√©gr√©gu√©s entre noir mais √† l‚Äô√©poque c‚Äô‚Ä¶ https://t.co/gIiPryNpGT
32,@MongeHan O que vende √© campe√£o da cara bonitinha os monstrengo quase ningu√©m usa
33,@RobbRothschild It's just a thought here so please don't go crazy at me. But I feel the #Biden_Regime could be hidi‚Ä¶ https://t.co/IZ8M2w48jA
34,"Pucha ahora ni agendas regalan üòûcuando te acostumbras a usar agenda es como el calz√≥n, se usa todos los d√≠as..."
35,@morganacomenta @mirellasierra_ @mirellasierra_  usa por favor
36,"In 2021 we:
üá∫üá∏ Developed our branch in the USA
üáÆüá≥ Opened a new branch in India
üë®üèª‚Äçüíª Hired almost 100 new employees‚Ä¶ https://t.co/SQ4aHqZmrX"
37,"@laurenboebert GOP coups are not patriotic, they are crimes against the USA."
38,"Die #Meldungen aus der #Wissenschaft: Forschende aus den USA haben ein Hormon entdeckt, das √§hnlich wie Insulin den‚Ä¶ https://t.co/N092ounlS8"
39,"Australija i demokratija , neka hvala il ga ne pusti≈° odmah a ne da se i≈æivljava≈° sramno pona≈°anje. Da li bi smeli nekom trniseru iz USA"
40,2010 DODGE RAM 1500 - Export Cars From USA | Car for Sale in Online Auto Auction https://t.co/cUCW02UTd2
41,@elonmusk Want to flick a CAT in its nuts!? Let‚Äôs disrupt the mining space Caterpillar has dominated. Tesla Mining‚Ä¶ https://t.co/gaUBbYUchV
42,"@kid4NCSU @HoChiMi46325405 @US2SOMALIA @StateDept But don‚Äôt get me wrong, USA is in Somali longtime ago!"
43,@mimu_usa „ÅÆ
44,@1965Magnolia @Linkstudents USA üá∫üá∏ too.
45,No entiendo √©sa gente qu√© usa la tristeza para llamar la atenci√≥n ü§°ü§°ü§°
46,Fica numa grande d√∫vida se essa √© s√≥ voc√™ mesmo ou mais uma das milh√µes de m√°scaras que voc√™ usa no dia a dia
47,@camisofar Usa o meu
48,"H√∏yresiden snakker om USA som om s√∏ppelhauger er relevante, men dette skyldes mindreverdighetskomplekser. Hvis jeg‚Ä¶ https://t.co/i2XLoTGLhi"
49,@cerberusofbaden @Det714 @_donalphonso @welt Lol das hat doch damit kaum was zu tun... schauen sie sich mal den Neo‚Ä¶ https://t.co/GJTVr4DxlJ
50,"@pedroml Quem saca 80, se tiver oportunidade tamb√©m saca milh√µes. Usa a cabe√ßa."
51,@Saiko27194086 50/50 xD Tiene ataques de hueso y solo puede invocar 1 Gaster Blaster que lo unico que puede hacer e‚Ä¶ https://t.co/RSXiDHP2SP
52,@USA_Network @CoraJadeWWE Sickkkk
53,"@Jim_Jordan This tweet has not distracted me from the 1/6 VIOLENT, DEADLY ATTEMPT TO OVERTHROW THE GOVERNMENT OF THE USA."
54,"@RED_CODE_83 @VataFACK_in_USA @spacelordrock –¢—ã –ø—Ä–æ—Å—Ç–æ —Ç—É–ø–æ—Ä—ã–ª—ã–π –ø—Ä–∏–¥—É—Ä–æ–∫, –∞–±—Å–æ–ª—é—Ç–Ω–æ –Ω–µ –∑–Ω–∞—é—â–∏–π –≤–æ–µ–Ω–Ω–æ–π –∏—Å—Ç–æ—Ä–∏–∏. –ò–º‚Ä¶ https://t.co/8KRi0I8OWV"
55,hoe usa cos√¨ tanto i filtri e photoshop che appena posta una foto normale si sente una regina
56,@BrunoRguezP @PresidenciaCuba @CubaMINREX @MinturCuba A diferencia de  #Cuba en #USA el pueblo come y vive una vida‚Ä¶ https://t.co/vXS6c004ue
57,"@mikepompeo CCP sanctioned him and IRI threatened to kill him! And USA administration is quiet! Hey, Americans, keep your heads up."
58,@KevinPascoe @DuncanTeabag @campbellclaret Whatever our feelings on the war it wasn't illegal. It was voted thru Pa‚Ä¶ https://t.co/ZNivdTUiuk
59,this pic goes so hard feel free to screenshot https://t.co/4rdnOMP6sb
60,"‡¶§‡¶ø‡¶®‡¶ø ‡¶®‡¶æ‡¶ï‡¶ø ‡¶ì‡¶á ‡¶õ‡¶æ‡¶§‡ßç‡¶∞‡ßá‡¶∞ ‡¶¨‡¶æ‡¶¨‡¶æ-‡¶Æ‡¶æ‡¶Ø‡¶º‡ßá‡¶∞ ‡¶ï‡¶æ‡¶õ ‡¶•‡ßá‡¶ï‡ßá ‡¶Ö‡¶®‡ßÅ‡¶Æ‡¶§‡¶ø‡¶ì ‡¶®‡ßá‡¶®‡¶®‡¶ø‡•§
 #covid19 #vaccine #prothomalo #world #palonews https://t.co/Ed7IGNRnKw"
61,@AM_Zukowska Termin zosta≈Ç po raz pierwszy u≈ºyty w spo≈Çeczno≈õci gejowskiej w USA w latach 20. i 30. XX wieku. W tym‚Ä¶ https://t.co/8FYHN32qgz
62,"mHealth App Development Company in the USA

The best mHealth App Development Company in Atlanta USA providing mHeal‚Ä¶ https://t.co/8IERuvIC7W"
63,@SweeetMolasses See for yourself üòâ https://t.co/V7KLWiQeXQ
64,@TheView The USA is the only developed country with main stream anti democracy propaganda Iike FOX and liars like H‚Ä¶ https://t.co/vxo00rsYVs
65,2011 FORD F-150 KING RANCH SUPERCREW 6.5-FT. BED CREW CAB PICKUP 4 Door - Export Cars From USA | Car for Sale in On‚Ä¶ https://t.co/3net0bPNRD
66,Dakar Rally stage 4 Light Prototypes results and overall standings - https://t.co/dIrCFvHGIT‚Ä¶ https://t.co/p718X2mtuy
67,"En minutos esta ciudad qued√≥ bajo el agua, importante aviso para USA https://t.co/t8vyAvGY1R a trav√©s de @YouTube"
68,"#Best Promotion Bar for #Joomla #Website
Check here : https://t.co/apX1LyMPLY

#WorkoutWednesday #WisdomWednesday‚Ä¶ https://t.co/f92t9HlBfJ"
69,Me sinto tao atra√≠da por quem usa icon da scar e da lizzie
70,"Silikon Fransen BARBED WIRE Skirt Tabs
https://t.co/quInz2Rj7K
#silikon #fransen #usa #skirted #jig #basteln‚Ä¶ https://t.co/5wUyunOgcz"
71,"Suncoast Estates, Fl  - Giant Trailer Park  Hood - https://t.co/abZfR8wUQb via @YouTube ....GET REAL USA WHITE LIAR‚Ä¶ https://t.co/FTvoDoQZk8"
72,"#Greenbrier #Tubac #Minnesota, Our DIY #Forklift Operator #Training Kits are available in #Canada and the #USA via‚Ä¶ https://t.co/6QCmt6VL7l"
73,"El control remoto de Samsung que usa el WiFi y el Sol para recargarse #CES2022

https://t.co/wFPD3Tnxcy"
74,"Pinebluff, Kennebunk, ME, USA &gt; Time: 11:35 AM,  Temp: 30.9 degrees F,  Humidity: 92%,   Wind: WNW at 0.0 mph,  Bar‚Ä¶ https://t.co/RngQHVYlSw"
75,achei nas minhas coisa esses marcadores de p√°gina di macaquinho ü•∫ü•∫ eu to com muita d√≥ de usa los pq sao tao fofinho‚Ä¶ https://t.co/Llp0wGkx1K
76,"@luliisamis vei pra mim n√£o √© nem caimento de roupa, mas simplesmente o fato de ngm ter o corpo igual. N√£o tem como‚Ä¶ https://t.co/gg3t85PBr1"
77,"@ilSinistero ich weiss,-und bis zum heutigen Tag-ja,du musst mal die Anti War scene USA checken (die letzten vids i‚Ä¶ https://t.co/caCr70CMlc"
78,"-=[ 717320 ]=-

Txs: 2099
Time: 05/01/2022, 16:34:46 WET
Version: 0x3fffe000

Size: 1846.445 KB
Weight: 3993.005 KW‚Ä¶ https://t.co/C888OMpFSt"
79,"On this day in 2010, Team USA defeated Canada to win the World Juniors. John Carlson scored the game-winning goal i‚Ä¶ https://t.co/inXD19ljuk"
80,"#Ent√©rate || Usa la aplicaci√≥n de Pago M√≥vil Interbancario para hacer pagos en los comercios afiliados.

#Sudeban‚Ä¶ https://t.co/UlK6dpr5f0"
81,@montebourg @enmarchefr @Anne_Hidalgo @yjadot @Fabien_Roussel @JLMelenchon @afpfr Les socialistes ont une vision id‚Ä¶ https://t.co/lTcTtWJzyC
82,@ConanGArgento no usa forro
83,"@RealHarvey_Dent @rplucas29760 Sur cet aspect, je suis d‚Äôaccord, et il y aura un r√©ponse politique √† cela en tant v‚Ä¶ https://t.co/LFsGBvkgGh"
84,@JairoSoto A mi me sali√≥ un taxista que no lo usa que porqu√© no le entra suficiente ox√≠geno al cerebro üôÑ
85,La baisse des stocks de #p√©trole am√©ricains est moins importante que ce que pr√©voyaient les analystes rel√®ve l'‚Ä¶ https://t.co/EzNfSblos9
86,"CCP sanctioned him and IRI threatened to kill him! And USA administration is quiet! Hey, Americans, keep your heads‚Ä¶ https://t.co/eAsmIbiBOZ"
87,Check out this awesome 'HOT TREACLE' design on @TeePublic! https://t.co/OciI983zMb  #artwork #ArtistOnTwitter‚Ä¶ https://t.co/IrwzD5uVwN
88,√ìdio de quem usa a conta do insta privada
89,"Etapa 4 // Prototipos Ligeros

Luego de su retraso en la etapa 2, Seth Quintero a bordo de su OT3 02 del Red Bull O‚Ä¶ https://t.co/ilojrAgSnj"
90,"It‚Äôs not Just a Job, It‚Äôs an adventure.

Shop now: https://t.co/qoBQPiuomE

#armor #gear #protectiveequipment‚Ä¶ https://t.co/47IBWBB1cV"
91,"I have 2 new followers from USA, and more last week. See https://t.co/qUFOTIW8l8 https://t.co/OoUGLHbCxU"
92,@Postsfe e quando usa um T√™????
93,Il celebre fotografo non usa giri di parole per attaccare ancora una volta uno dei suoi bersagli preferiti https://t.co/JgmXTNkANq
94,@KadendiWachosi The only reason I have mentioned that is because USA just like in Ukraine debacle has promised to defend Taiwan
95,"@Thalitabq um √≥culos redondo marrom, uma camiseta rosa com listras cinzas, uma bermuda jeans e t√™nis pretos.

Luiz‚Ä¶ https://t.co/GSo86e8TbG"
96,"@Thalitabq feliz! üòç

Eu: aaa eu tamb√©m kkk
2. Picture: Foto de Miguel e Luiz se abra√ßando. Atr√°s deles, h√° um grama‚Ä¶ https://t.co/dtSiIa2i5n"
97,2008 CHEVROLET EXPRESS G1500 Cargo Van - Export Cars From USA | Car for Sale in Online Auto Auction https://t.co/HJpWb3zV43
98,"@RotePost Also k√§mpfen die USA tats√§chlich f√ºr die Freiheit und Demokratie auf der Welt?

Gl√ºckwunsch. Bin jetzt Pro-USA. :P"
99,@gamusino en casa decimos que usa un rollo diferente en cada casa. Y lo que les sobra nos lo regalan para que lo usemos en los cumplea√±os ü§∑
